company_name,count,ratio
Công Ty Tài Chính TNHH Hd Saison,11055,0.020240209450923672
Công Ty Cổ Phần Bellsystem24 Việt Nam,3516,0.006437320346399604
Công Ty Cổ Phần Viễn Thông Fpt,3093,0.0056628645709368534
Công Ty Cổ Phần Vacxin Việt Nam,2678,0.00490305571321335
Công Ty TNHH Vietnam Concentrix Services,2284,0.004181695014555374
Công Ty TNHH Yakult Việt Nam,2085,0.0038173529357915744
Hệ Thống Anh Ngữ Quốc Tế Ocean Edu - Công Ty Cổ Phần Giải Pháp Giáo Dục Hưng Yên,2005,0.003670883758399092
Công Ty TNHH Dịch Vụ Tài Nguyên Nhân Sự Yi Qi Ying,1890,0.0034603343158973983
Công Ty Cổ Phần BPO Mắt Bão,1826,0.0033431589739834123
Công Ty Cổ Phần Dịch Vụ Thương Mại Tổng Hợp Wincommerce,1627,0.0029788168952196124
Công Ty TNHH SPX Express,1564,0.002863472418023032
Công Ty Cổ Phần Truyền Thông Kim Cương,1539,0.0028177008000878816
Hệ Thống Anh Ngữ Quốc Tế Ocean Edu,1526,0.0027938995587616033
Công Ty Tài Chính Trách Nhiệm Hữu Hạn Một Thành Viên Home Credit Việt Nam,1388,0.002541240227759571
Công Ty Cổ Phần Maison Retail Management International,1234,0.002259287061279042
Công Ty Cổ Phần Vinhomes,1143,0.0020926783719950933
"Khối Bán Lẻ Thực Phẩm (Go!, Tops Market, Go!) - Công Ty TNHH Dịch Vụ EB",1128,0.0020652154012340026
Công Ty TNHH Transcosmos Việt Nam,1035,0.0018949449825152419
Công ty TNHH Manpower Việt Nam,920,0.0016843955400135484
Công Ty Cổ Phần Quốc Tế Anh Văn Hội Việt Mỹ,884,0.0016184844101869312
Công Ty TNHH Jollibee Việt Nam,826,0.0015122942565773815
Công Ty Cổ Phần Green Speed,825,0.0015104633918599755
Công Ty TNHH Tập Đoàn Rita Võ,810,0.001483000421098885
Công Ty Tài Chính TNHH MTV Quốc Tế Việt Nam Jaccs,791,0.0014482139914681704
Cty Tài Chính TNHH MTV Mirae Asset (Việt Nam),770,0.0014097658324026437
Công Ty TNHH Callus,714,0.001307237408227906
Công Ty Cổ Phần Dayone Asia,650,0.00119006206631392
Công Ty TNHH Phát Triển Nhân Lực Quốc Gia Hrvalu,603,0.0011040114245958366
Công Ty TNHH Mega Lifesciences (Việt Nam),541,0.0009904978121166627
Công Ty Cổ Phần Tập Đoàn Golden Gate,525,0.0009612039766381662
Khách Hàng Của,518,0.000948387923616324
Ngân Hàng TNHH Một Thành Viên Shinhan Việt Nam,494,0.0009044471703985792
Công Ty Cổ Phần Bệnh Viện Đa Khoa Tâm Anh Tp. Hồ Chí Minh,487,0.0008916311173767371
Công ty TNHH Manulife ( Việt Nam ),479,0.0008769841996374888
ABBank - Ngân Hàng TMCP An Bình,475,0.0008696607407678647
Công Ty Cổ Phần Giao Hàng Tiết Kiệm,474,0.0008678298760504586
Công Ty Cổ Phần Du Lịch Và Đầu Tư Meli Club,459,0.0008403669052893682
Abbott Việt Nam,454,0.000831212581702338
Công Ty Cổ Phần Dược Phẩm La Terre France,432,0.0007909335579194053
Công Ty Cổ Phần Công Nghệ Sen Đỏ,428,0.0007836100990497812
Công Ty TNHH Triple Tree Aroma,424,0.0007762866401801571
Công Ty Cổ Phần Tập Đoàn Thái Tuấn,421,0.000770794046027939
Công Ty Cổ Phần Tập Đoàn Thiên Khôi,414,0.0007579779930060968
Công Ty TNHH Ila Việt Nam,408,0.0007469928047016606
Chi Nhánh Công Ty TNHH Nhà Nước Một Thành Viên Thương Mại Và Xuất Nhập Khẩu Viettel - Trung Tâm Bán Lẻ,398,0.0007286841575276003
Công Ty Tài Chính TNHH MTV Shinhan Việt Nam,395,0.0007231915633753822
Công Ty Cổ Phần Thành Thành Công - Biên Hòa,393,0.0007195298339405701
Công Ty Cổ Phần Tập Đoàn Dat,391,0.000715868104505758
Công Ty TNHH Dksh Việt Nam,390,0.0007140372397883521
Talentnet Corporation (Công Ty CP Kết Nối Nhân Tài),387,0.0007085446456361339
Công Ty TNHH Siam City Cement (Việt Nam),384,0.0007030520514839159
Công Ty Tài Chính TNHH Ngân Hàng Việt Nam Thịnh Vượng SMBC,383,0.0007012211867665098
Công Ty Cổ Phần Tập Đoàn Công Nghiệp Việt,383,0.0007012211867665098
Gốm Sứ Minh Long - Công Ty TNHH Minh Long I,374,0.0006847434043098556
Công Ty CP Tập Đoàn Mường Thanh,368,0.0006737582160054194
Công Ty Cổ Phần Pizza 4Ps,367,0.0006719273512880133
Công Ty TNHH Cookmix,367,0.0006719273512880133
Oppo Việt Nam,364,0.0006664347571357953
Công Ty TNHH MTV Gas Á Châu,362,0.0006627730277009832
Ngân Hàng TMCP Việt Nam Thịnh Vượng - VPBank,361,0.0006609421629835771
Công Ty Tài Chính Cổ Phần Tín Việt - Vietcredit,356,0.000651787839396547
Công Ty Cổ Phần Ẩm Thực Mặt Trời Vàng,351,0.0006426335158095168
Ngân Hàng TMCP Quốc Tế Việt Nam (VIB),340,0.0006224940039180505
Công Ty Cổ Phần Altius Link Việt Nam,315,0.0005767223859828997
CÔNG TY TNHH DG GROUP,313,0.0005730606565480876
Công Ty Cổ Phần Công Nghệ Kiotviet,309,0.0005657371976784635
Công Ty TNHH Nước Giải Khát Coca-Cola Việt Nam,308,0.0005639063329610575
Công Ty TNHH Mediastep Software Việt Nam,307,0.0005620754682436515
Tập Đoàn Tân Á Đại Thành,305,0.0005584137388088394
Công Ty Cổ Phần BT INTERNATIONAL,304,0.0005565828740914334
Công Ty CP Chuỗi Thực Phẩm Th,303,0.0005547520093740273
Công Ty TNHH TM DV Tân Hiệp Phát,296,0.0005419359563521852
Công Ty TNHH Polytex Far Eastern (Việt Nam),296,0.0005419359563521852
Công Ty Tài Chính TNHH Một Thành Viên Shinhan Việt Nam,294,0.0005382742269173731
Công Ty Cổ Phần Thiết Kế Và Xây Dựng Giza Việt Nam,291,0.000532781632765155
Công Ty CP Nông Nghiệp Trường Hải,290,0.000530950768047749
Công Ty TNHH Bán Lẻ Phương Nam,290,0.000530950768047749
Công Ty TNHH Đầu Tư Thương Mại Và Du Lịch Quốc Tế Hòa Bình,289,0.0005291199033303429
Công Ty Cổ Phần Tập Đoàn Thiên Long,287,0.0005254581738955308
Công Ty Cổ Phần Tập Đoàn Đèo Cả,283,0.0005181347150259067
Công Ty Tài Chính Trách Nhiệm Hữu Hạn Một Thành Viên Shinhan Việt Nam,279,0.0005108112561562826
Công Ty Cổ Phần Dược Phẩm Bến Tre,279,0.0005108112561562826
Công Ty Cổ Phần Thép Việt Xô Hà Nội,277,0.0005071495267214705
CÔNG TY TNHH PARIS BAGUETTE VIỆT NAM,275,0.0005034877972866585
Công Ty CP ĐT PT Giáo Dục Quốc Tế Hoàng Gia,275,0.0005034877972866585
Công Ty TNHH Hunufa,271,0.0004961643384170344
Công Ty TNHH Silverland Bến Thành,271,0.0004961643384170344
Công Ty TNHH Bảo Hiểm Nhân Thọ AIA (Việt Nam),267,0.0004888408795474102
Công Ty TNHH Nguyễn Quang Sài Gòn Ô Tô,263,0.0004815174206777861
Chi Nhánh Công Ty TNHH DV & TM Mesa,261,0.00047785569124297406
Arena Multimedia,258,0.00047236309709075596
Công Ty TNHH Cheng Loong Bình Dương Paper,255,0.00046687050293853786
Công Ty TNHH CBRE (Việt Nam),254,0.00046503963822113186
Công Ty Cổ Phần Dược Hậu Giang,252,0.00046137790878631975
Công Ty TNHH Động Học Stella,252,0.00046137790878631975
Công Ty TNHH Bảo Hiểm Nhân Thọ Sun Life Việt Nam,248,0.00045405444991669566
Công Ty Cổ Phần Ttv Hrs Sài Gòn,246,0.0004503927204818836
Công Ty TNHH Thời Trang Và Mỹ Phẩm Âu Châu (Acfc),246,0.0004503927204818836
Công Ty Cổ Phần Mega Sun,245,0.00044856185576447755
Công Ty TNHH SX TM Hồng Phúc,243,0.0004449001263296655
