location,count,ratio
"Tầng 8, tầng 9, tầng 10 tòa nhà số 24C đường Phan Đăng Lưu, Phường Gia Định, TP Hồ Chí Minh, Việt Nam",5861,0.010730698108716748
Hồ Chí Minh,5627,0.010302275764843735
Hà Nội,4879,0.008932788956224024
198 Hoàng Văn Thụ Phường 9 Phú Nhuận,1486,0.002720664970065362
"15, Lê Thánh Tôn, Phường Bến Nghé, Quận 1",963,0.0017631227228620077
"Số 601 đường Nguyễn Văn Linh, Phường An Tảo, Thành phố Hưng Yên, Tỉnh Hưng Yên, Việt Nam",890,0.0016294695984913675
"Tầng G, 8 và 10 Tòa nhà Phụ Nữ, số 20 Nguyễn Đăng Giai, Phường Thảo Điền, Thành phố Thủ Đức, TP Hồ Chí Minh",816,0.0014939856094033212
Cụm công nghiệp Lai Xá - Xã Kim Chung - Huyện Hoài Đức - Thành phố Hà Nội,808,0.001479338691664073
"12A Đường Núi Thành, Phường 13 | 12A Đường Núi Thành, Phường 13, Quận Tân Bình, TP. HCM, Việt Nam",777,0.001422581885424486
"Tất cả các huyện | Tầng 8, tầng 9, tầng 10 tòa nhà số 24C đường Phan Đăng Lưu, Phường Gia Định, TP Hồ Chí Minh, Việt Nam",741,0.001356670755597869
"Tầng 5, Mplaza SaiGon, số 39 Lê Duẩn - Phường Bến Nghé - Quận 1 - TP. Hồ Chí Minh",694,0.0012706201138797855
"Tầng 5 tòa nhà unique, 91B2 Phạm Văn Hai, Phường 3, Quận Tân Bình, Thành phố Hồ Chí Minh, Việt Nam",680,0.001244988007836101
"Sailing Tower, 111A Pasteur, Ben Nghe Ward, District 1",609,0.001114996612900273
"Toàn khu vực Hồ Chí Minh | Số 5 Đại lộ Tự Do, khu công nghiệp Việt Nam-Singapore, Phường Bình Hòa, Thành phố Thuận An, Bình Dương",580,0.001061901536095498
..... | 198 Hoàng Văn Thụ Phường 9 Phú Nhuận,557,0.0010197916475951593
"Tầng 15, Tòa nhà Centec, 72 -74 Nguyễn Thị Minh Khai, Phường Võ Thị Sáu, Quận 3, Thành Phố Hồ Chí Minh, Việt Nam",518,0.000948387923616324
"Số 163, Đường Phan Đăng Lưu, Phường Cầu Kiệu, Thành phố Hồ Chí Minh, Việt Nam",460,0.0008421977700067742
"91 Pasteur, Phường Bến Nghé, Quận 1, Thành phố Hồ Chí Minh, Việt Nam",459,0.0008403669052893682
"18 Phan Đình Giót, Phường 2, Quận Tân Bình, Tp.HCM",428,0.0007836100990497812
"08A Ấp Phú Thành, xã Phước Lý, huyện Cần Giuộc, tỉnh Long An.",410,0.0007506545341364727
"Tầng 18 Tòa nhà FPT Tower, số 10 Phạm Văn Bạch, Q.Cầu Giấy, Hà Nội, Việt Nam.",408,0.0007469928047016606
"189-197 Dương Bá Trạc, Phường Chánh Hưng, TP Hồ Chí Minh, Việt Nam",404,0.0007396693458320365
"Phòng 310, Tầng 3, Số 358 đường Giải Phóng, Phường Phương Liệt, Quận Thanh Xuân, Thành phố Hà Nội, Việt Nam",389,0.000712206375070946
"Số 11 Đoàn Văn Bơ, phường Xóm Chiếu, TPHCM",382,0.0006993903220491038
"340E-340F Hoàng Văn Thụ, Phường 04 | 52 Thống Nhất, Phường Tân Thành | Tầng 18 Tòa nhà FPT Tower, số 10 Phạm Văn Bạch, Q.Cầu Giấy, Hà Nội, Việt Nam.",360,0.0006591112982661711
"Tòa nhà Orbital, Khu công viên phần mềm Quang Trung, phường Tân Chánh Hiệp, quận 12 | Tầng 4, 5, 6 và 7, QTSC Building 1, Lô 34, đường số 14, Công viên phần mềm Quang Trung, phường Tân Chánh Hiệp, Quận 12, TP Hồ Chí Minh",344,0.0006298174627876746
"Tòa nhà E-Town, Số 364, Đường Cộng Hòa, Phường Tân Bình, TP Hồ Chí Minh (Quận Tân Bình Cũ)",339,0.0006206631392006444
"2 Ngô Đức Kế, Bến Nghé, Quận 1, TP.HCM",330,0.0006041853567439902
"HCM: Manulife Plaza, 75 Hoàng Văn Thái, P. Tân Phú, Q7, TP. Hồ Chí Minh - HN: 1152-1154 Đường Láng, phường Láng Thượng, quận Đống Đa",328,0.0006005236273091782
Đồng Nai,322,0.000589538439004742
Đà Nẵng,321,0.0005877075742873359
"Tầng 26, Tòa nhà CII Tower, số 152 Điện Biên Phủ, Phường Thạnh Mỹ Tây, TP Hồ Chí Minh",318,0.0005822149801351178
Bình Dương,305,0.0005584137388088394
"Tòa nhà AXYS, Số 12A Núi Thành | 12A Đường Núi Thành, Phường 13, Quận Tân Bình, TP. HCM, Việt Nam",298,0.0005455976857869972
"Trụ Sở TP.HCM: 189 Nguyễn Thị Minh Khai, Quận 1, TP. HCM",283,0.0005181347150259067
"tầng 6, tòa nhà Pico Plaza, số 20, đường Cộng Hòa, phường 12, quận Tân Bình, TP HCM",274,0.0005016569325692525
"Tầng 5, Toà nhà A, Vườn ươm Doanh Nghiệp, Lô D.01, Đường Tân Thuận, Phường Tân Thuận, Thành phố Hồ Chí Minh, Việt Nam",273,0.0004998260678518464
"Tầng 1 (Tầng trệt) và Tầng 2 Tòa nhà Sailing Tower, Số 111A Pasteur, Phường Bến Nghé, Quận 1, TP Hồ Chí Minh, Việt Nam",272,0.0004979952031344404
"Quận 1, Hồ Chí Minh",269,0.0004925026089822223
Hải Phòng,239,0.00043757666746004135
"Khối Quản trị Nguồn Nhân Lực - Tòa tháp VPBank - Số 89 Láng Hạ, Đống Đa, Hà Nội",238,0.00043574580274263535
"Tầng 9, Tòa nhà V.E.T, 98 Hoàng Quốc Việt, Q.Cầu Giấy, Hà Nội",230,0.0004210988850033871
"lô ME-4, đường số 4, KCN Đức Hòa 1, ấp 5, Xã Đức Hòa Đông, Huyện Đức Hoà, Tỉnh Long An, Việt Nam | 23 Đường Số 6, Phường Bình Phú, TP Hồ Chí Minh, Việt Nam",228,0.00041743715556857505
"Cầu Giấy, Hà Nội",225,0.00041194456141635695
"6th floor, Star Building, 33 Mac Dinh Chi St., District 1, Ho Chi Minh city, Vietnam",221,0.0004046211025467328
"Thủ Đức, Hồ Chí Minh",219,0.00040095937311192075
"32 Thạch Thị Thanh, Phường Tân Định, Quận 1, TP.HCM",218,0.00039912850839451475
"Tòa nhà TSA, 77 Lê Trung Nghĩa, Phường 12 | Tòa nhà VNO, 462 Phan Xích Long, Phường 2 | Bình Thạnh | Quận 12 | Quận 3 | Tầng 8, tầng 9, tầng 10 tòa nhà số 24C đường Phan Đăng Lưu, Phường Gia Định, TP Hồ Chí Minh, Việt Nam",217,0.0003972976436771087
"Tòa nhà Viettel Complex, 285 Cách Mạng Tháng Tám, P.12, Q.10, TPHCM",214,0.0003918050495248906
Hà Nội; Hồ Chí Minh,208,0.0003808198612204544
"Trụ sở chính: Số 485, Xa Lộ Hà Nội, Phường Linh Trung, Quận Thủ Đức, Thành phố Hồ Chí Minh; Chi nhánh tại Hà Nội: Km số 17, Quốc lộ 1A, Xã Duyên Thái, Huyện Thường Tín, Hà Nội.",206,0.00037715813178564235
"Số 175 Trần Phú, Phường Hạc Thành, Tỉnh Thanh Hóa, Việt Nam",205,0.00037532726706823635
"Toàn khu vực | Tầng 2, Tòa nhà REE Tower, Số 9 đường Đoàn Văn Bơ, Phường Xóm Chiếu, Thành phố Hồ Chí Minh, Việt Nam",193,0.00035335689045936394
"29 Đoàn Thị Điểm, Phường Ô Chợ Dừa, TP Hà Nội, Việt Nam",190,0.00034786429630714584
Bắc Ninh,189,0.00034603343158973984
"Tòa nhà Hương Giang, số 1, ngõ 11 Duy Tân, Phường Dịch Vọng Hậu, Quận Cầu Giấy, Hà Nội",189,0.00034603343158973984
"Tòa nhà Mường Thanh, Lô CC5, bán đảo Linh Đàm, Hoàng Mai, Hà Nội",185,0.0003387099727201157
"Tầng 2, tòa nhà OCT 3D, KĐT Handi Resco, Phạm Văn Đồng | P901, Tầng 9 Tòa nhà Sky City Tower A, Số 88 Láng Hạ, Phường Láng Hạ, Quận Đống đa, Hà Nội",183,0.00033504824328530364
"Tầng 12, Tòa nhà Lim II, Số 62A Cách Mạng Tháng 8, Phường 6, Quận 3, Tp HCM.",182,0.00033321737856789764
"Tân Bình, Hồ Chí Minh",182,0.00033321737856789764
"Số 25 Trần Hưng Đạo, Q.Hoàn Kiếm, TP.Hà Nội",180,0.00032955564913308554
"230 Nguyễn Văn Đậu, Phường 11, Quận Bình Thạnh, TP. Hồ Chí Minh",177,0.00032406305498086744
"Số 333 đường Hưng Định 24, Khu phố Hưng Lộc, Phường Hưng Định, Thành phố Thuận An, Tỉnh Bình Dương, Việt Nam",176,0.00032223219026346144
"8/13-8/15-8/17 Lê Thánh Tôn, Phường Bến Nghé, Quận 1, Thành phố Hồ Chí Minh",176,0.00032223219026346144
"Tầng 6, 19 – 19/2A Hồ Văn Huê, Phường 9, Quận Phú Nhuận, Tp.HCM",176,0.00032223219026346144
"Trung Mỹ Tây, Hồ Chí Minh",175,0.0003204013255460554
"1/148 Nguyễn Văn Quá, Phường Đông Hưng Thuận, Quận 12, Thành phố Hồ Chí Minh, Việt Nam",175,0.0003204013255460554
"646 o. đường Nguyễn Trãi, Phường 11, Quận 5, Thành phố Hồ Chí Minh, Việt Nam | 23 Đường Số 6, Phường Bình Phú, TP Hồ Chí Minh, Việt Nam",173,0.00031673959611124334
"Văn phòng 204, Tầng 2, Tòa nhà Citilight, Số 45 Võ Thị Sáu, Phường Tân Định, Thành phố Hồ Chí Minh",167,0.00030575440780680714
"Số 458 phố Minh Khai, phường Vĩnh Tuy, Quận Hai Bà Trưng, Thành Phố Hà Nội",167,0.00030575440780680714
"Toàn khu vực | Tòa nhà E-Town, Số 364, Đường Cộng Hòa, Phường Tân Bình, TP Hồ Chí Minh (Quận Tân Bình Cũ)",166,0.00030392354308940114
"108 đường số 6, Khu Nhà ở Rạch Bà Tánh,ấp 5, Xã Bình Hưng, Huyện Bình Chánh, TP Hồ Chí Minh",162,0.000296600084219777
"Chi nhánh Hà Nội: Ngõ 300 Nguyễn Xiển, Lô S5-7 Cụm làng nghề sản xuất Triều Khúc, Thanh Xuân, Hà Nội",157,0.00028744576063274683
"124 Tôn Đức Thắng, Phường Quốc Tử Giám, Quận Đống Đa, Hà Nội / 416 -420 Lý Thường Kiệt, Quận Tân Bình, TP HCM",155,0.0002837840311979348
"12 đường số 51, phường bình trung đông, thủ đức | 239 Nguyễn Duy Trinh, Khu phố 1, Phường Bình Trưng, TP Hồ Chí Minh, Việt Nam",154,0.00028195316648052873
"442 Nguyễn Thị Minh Khai, Phuờng 5, Quận 3",153,0.00028012230176312274
"Tòa QTSC 9 ( Orbital ), công viên phần mềm Quang Trung, Quận 12, TP Hồ Chí Minh | Tầng 4, 6 và 7, QTSC Building 1, Lô 34, đường số 14, Công viên phần mềm Quang Trung - phường Tân Chánh Hiệp - Quận 12 - TP Hồ Chí Minh.",150,0.00027462970761090463
"163 Phan Đăng Lưu, P1, Q.Phú Nhuận, TP.HCM",150,0.00027462970761090463
"Số 9, Đào Duy Anh, Phương Liên, Đống Đa, Hà Nội",148,0.0002709679781760926
"Cổng D6, The Crest, Metropole Thủ Thiêm - 15 Trần Bạch Đằng, Thủ Thiêm, Thành Phố Thủ Đức",141,0.00025815192515425033
Hưng Yên,138,0.0002526593310020323
"519 Kim Mã | Tầng 8, tầng 9, tầng 10 tòa nhà số 24C đường Phan Đăng Lưu, Phường Gia Định, TP Hồ Chí Minh, Việt Nam",138,0.0002526593310020323
"6A3 Quốc lộ 60, phường Phú Tân, thành phố Bến Tre",138,0.0002526593310020323
"Tầng 13, Toà nhà AB Tower, 76A, Lê Lai, Phường Phạm Ngũ Lão, Quận 1, TPHCM, Việt Nam",138,0.0002526593310020323
"149C Đường Trương Định, Phường 09, Quận 3, Thành phố Hồ Chí Minh, Việt Nam",138,0.0002526593310020323
"62A Cách Mạng Tháng 8, Phường Võ Thị Sáu, Quận 3, TP.HCM",135,0.0002471667368498142
"Lô 10-1, Đường N8, KCN Phước Đông, Đôn Thuận | Lô 10-1 Đường N8, Khu Công nghiệp Phước Đông, Xã Đôn Thuận, Huyện Trảng Bàng, Tỉnh Tây Ninh",134,0.00024533587213240813
"Tòa Nhà Tứ Hiệp Palaza, KDT Pháp Vân, Hà Nội",133,0.0002435050074150021
"975 Giải Phóng | Phòng 310, Tầng 3, Số 358 đường Giải Phóng, Phường Phương Liệt, Quận Thanh Xuân, Thành phố Hà Nội, Việt Nam",130,0.000238012413262784
Cần Thơ,130,0.000238012413262784
"Lô C-02-1, khu công nghiệp Đức Hòa 1, Ấp 5, Xã Đức Hòa Đông, Huyện Đức Hoà, Tỉnh Long An, Việt Nam",130,0.000238012413262784
"Tòa Nhà QCoop Building Số 1129/12/20 Lạc Long Quân, P11, Quận Tân Bình | P901, Tầng 9 Tòa nhà Sky City Tower A, Số 88 Láng Hạ, Phường Láng Hạ, Quận Đống đa, Hà Nội",129,0.00023618154854537798
"Tầng 6, Tòa Nhà Toyota, 315 Trường Chinh, Thanh Xuân, Hà Nội",127,0.00023251981911056593
"58/2A Hoàng Hoa Thám , Phường12 , Quận Tân Bình, TPHCM | P901, Tầng 9 Tòa nhà Sky City Tower A, Số 88 Láng Hạ, Phường Láng Hạ, Quận Đống đa, Hà Nội",127,0.00023251981911056593
"GẦN ĐẠI HỌC RMIT - Nhà số 04, đường số 04, Khu biệt thự Sông Ông Lớn, Bình Hưng, Bình Chánh, TP.HCM",125,0.00022885808967575385
"Tầng 2, Tòa nhà REE Tower, số 09 đường Đoàn Văn Bơ, phường 12, quận 4, TP.HCM, Việt Nam",124,0.00022702722495834783
"24C Phan Đăng Lưu, phường 6 | Tầng 8, tầng 9, tầng 10 tòa nhà số 24C đường Phan Đăng Lưu, Phường Gia Định, TP Hồ Chí Minh, Việt Nam",123,0.0002251963602409418
"248A Nơ Trang Long, Phường 12, Quận Bình Thạnh",122,0.00022336549552353578
"Tòa QTSC 9 ( Orbital ), công viên phần mềm Quang Trung | Tầng 4, 6 và 7, QTSC Building 1, Lô 34, đường số 14, Công viên phần mềm Quang Trung - phường Tân Chánh Hiệp - Quận 12 - TP Hồ Chí Minh.",122,0.00022336549552353578
"Tòa nhà Sohobiz, 38 Huỳnh Lan Khanh, Phường 2, Quận Tân Bình | Lầu 10, Tòa nhà Scetpa, 19A Cộng Hòa, Phường 12, Q.Tân Bình, TP.HCM",121,0.00022153463080612973
